{"cameraMode":{"drawMode":0,"name":"Shaded","section":"Shading Mode"},"sceneLighting":false,"audioPlay":false,"sceneViewState":{"m_AlwaysRefresh":false,"showFog":true,"showSkybox":false,"showFlares":true,"showImageEffects":true,"showParticleSystems":true,"showVisualEffectGraphs":true,"m_FxEnabled":true},"in2DMode":false,"pivot":{"x":1.922971487045288,"y":5.194098472595215,"z":-3.751209259033203},"rotation":{"x":0.12415172904729843,"y":-0.020836172625422479,"z":0.002607635222375393,"w":0.9920413494110107},"size":0.8660253882408142,"orthographic":false}