{"cameraMode":{"drawMode":0,"name":"Shaded","section":"Shading Mode"},"sceneLighting":true,"audioPlay":false,"sceneViewState":{"m_AlwaysRefresh":false,"showFog":true,"showSkybox":true,"showFlares":true,"showImageEffects":true,"showParticleSystems":true,"showVisualEffectGraphs":true,"m_FxEnabled":true},"in2DMode":false,"pivot":{"x":-0.621662974357605,"y":1.7132108211517335,"z":0.32741546630859377},"rotation":{"x":-0.06027260050177574,"y":0.003590574488043785,"z":-0.0002167991769965738,"w":-0.9981757402420044},"size":8.0607271194458,"orthographic":false}