{"cameraMode":{"drawMode":0,"name":"Shaded","section":"Shading Mode"},"sceneLighting":false,"audioPlay":false,"sceneViewState":{"m_AlwaysRefresh":false,"showFog":true,"showSkybox":false,"showFlares":true,"showImageEffects":true,"showParticleSystems":true,"showVisualEffectGraphs":true,"m_FxEnabled":true},"in2DMode":false,"pivot":{"x":-7.029058456420898,"y":0.7983713150024414,"z":-4.171115398406982},"rotation":{"x":0.15969133377075196,"y":0.03848828747868538,"z":-0.0062309978529810909,"w":0.9863998293876648},"size":1.3227509260177613,"orthographic":false}