{"cameraMode":{"drawMode":0,"name":"Shaded","section":"Shading Mode"},"sceneLighting":false,"audioPlay":false,"sceneViewState":{"m_AlwaysRefresh":false,"showFog":false,"showSkybox":false,"showFlares":false,"showImageEffects":false,"showParticleSystems":false,"showVisualEffectGraphs":true,"m_FxEnabled":true},"in2DMode":false,"pivot":{"x":0.5357077717781067,"y":1.1912362575531006,"z":-0.29108214378356936},"rotation":{"x":0.012078427709639073,"y":0.9833478927612305,"z":-0.16677510738372804,"w":0.07121752947568894},"size":2.0170562267303469,"orthographic":false}