{"cameraMode":{"drawMode":0,"name":"Shaded","section":"Shading Mode"},"sceneLighting":true,"audioPlay":false,"sceneViewState":{"m_AlwaysRefresh":false,"showFog":true,"showSkybox":true,"showFlares":true,"showImageEffects":true,"showParticleSystems":true,"showVisualEffectGraphs":true,"m_FxEnabled":true},"in2DMode":false,"pivot":{"x":4.244097709655762,"y":1.5944359302520753,"z":-5.4923553466796879},"rotation":{"x":-0.11506137996912003,"y":-0.056001946330070499,"z":0.006493404507637024,"w":-0.9917621612548828},"size":7.461540222167969,"orthographic":false}