{"cameraMode":{"drawMode":0,"name":"Shaded","section":"Shading Mode"},"sceneLighting":true,"audioPlay":false,"sceneViewState":{"m_AlwaysRefresh":false,"showFog":true,"showSkybox":true,"showFlares":true,"showImageEffects":true,"showParticleSystems":true,"showVisualEffectGraphs":true,"m_FxEnabled":true},"in2DMode":false,"pivot":{"x":2.306682825088501,"y":6.5369873046875,"z":-16.718852996826173},"rotation":{"x":-0.04048933461308479,"y":-0.0039037622045725586,"z":0.00015451657236553729,"w":-0.9991769790649414},"size":14.288885116577149,"orthographic":false}