{"cameraMode":{"drawMode":0,"name":"Shaded","section":"Shading Mode"},"sceneLighting":true,"audioPlay":false,"sceneViewState":{"m_AlwaysRefresh":false,"showFog":true,"showSkybox":true,"showFlares":true,"showImageEffects":true,"showParticleSystems":true,"showVisualEffectGraphs":true,"m_FxEnabled":true},"in2DMode":false,"pivot":{"x":0.4875361919403076,"y":1.960550308227539,"z":-11.161766052246094},"rotation":{"x":-0.35026106238365176,"y":0.05530412495136261,"z":-0.0207232553511858,"w":-0.9347977638244629},"size":11.346771240234375,"orthographic":false}