{"cameraMode":{"drawMode":0,"name":"Shaded","section":"Shading Mode"},"sceneLighting":false,"audioPlay":false,"sceneViewState":{"m_AlwaysRefresh":false,"showFog":true,"showSkybox":false,"showFlares":true,"showImageEffects":true,"showParticleSystems":true,"showVisualEffectGraphs":true,"m_FxEnabled":true},"in2DMode":false,"pivot":{"x":1.922971487045288,"y":5.194098472595215,"z":-3.751209259033203},"rotation":{"x":-0.07489492744207382,"y":-0.030815403908491136,"z":0.002311826916411519,"w":-0.9967169165611267},"size":1.2753006219863892,"orthographic":false}